{
    "bitcoin": {
        "volume_std": 8658577912.201107,
        "volume_mean": 24895821978.127544,
        "last_hour_volume": 15201835600.690195,
        "upper_std": -1.1196
    },
    "ethereum": {
        "volume_std": 5983332859.998609,
        "volume_mean": 12685404857.03673,
        "last_hour_volume": 4093129546.0215125,
        "upper_std": -1.436
    },
    "tether": {
        "volume_std": 8544891838.721169,
        "volume_mean": 33404390484.966385,
        "last_hour_volume": 14537607327.4457,
        "upper_std": -2.208
    },
    "ripple": {
        "volume_std": 738751044.2565541,
        "volume_mean": 2087543920.5015194,
        "last_hour_volume": 1121561226.7108035,
        "upper_std": -1.3076
    },
    "polkadot": {
        "volume_std": 222912145.82261148,
        "volume_mean": 412926794.88289064,
        "last_hour_volume": 68163855.70152943,
        "upper_std": -1.5466
    },
    "bitcoin-cash": {
        "volume_std": 540293207.6931438,
        "volume_mean": 2576039100.5491753,
        "last_hour_volume": 1389986455.4768271,
        "upper_std": -2.1952
    },
    "chainlink": {
        "volume_std": 670062347.5023938,
        "volume_mean": 1193338537.5507627,
        "last_hour_volume": 520982109.2197766,
        "upper_std": -1.0034
    },
    "binancecoin": {
        "volume_std": 212943229.28778523,
        "volume_mean": 363451604.1148526,
        "last_hour_volume": 218601709.27629837,
        "upper_std": -0.6802
    },
    "crypto-com-chain": {
        "volume_std": 20104992.04191106,
        "volume_mean": 78661593.77327032,
        "last_hour_volume": 63256516.21819633,
        "upper_std": -0.7662
    },
    "litecoin": {
        "volume_std": 642256700.4606119,
        "volume_mean": 2236497314.334781,
        "last_hour_volume": 628963900.7447826,
        "upper_std": -2.5029
    },
    "bitcoin-cash-sv": {
        "volume_std": 265309522.90754184,
        "volume_mean": 882208772.8244573,
        "last_hour_volume": 432898424.0864392,
        "upper_std": -1.6935
    },
    "cardano": {
        "volume_std": 148489056.66069248,
        "volume_mean": 481501785.0147527,
        "last_hour_volume": 299496625.7508977,
        "upper_std": -1.2257
    },
    "eos": {
        "volume_std": 717971558.3852835,
        "volume_mean": 2505982058.607426,
        "last_hour_volume": 1233320783.6237383,
        "upper_std": -1.7726
    },
    "usd-coin": {
        "volume_std": 111555310.45882621,
        "volume_mean": 475392048.22526306,
        "last_hour_volume": 303151832.7093422,
        "upper_std": -1.544
    },
    "tron": {
        "volume_std": 836240456.5984119,
        "volume_mean": 1055046280.9684618,
        "last_hour_volume": 322351027.53210163,
        "upper_std": -0.8762
    },
    "tezos": {
        "volume_std": 101114027.58484566,
        "volume_mean": 215533380.24297085,
        "last_hour_volume": 109082829.16477305,
        "upper_std": -1.0528
    },
    "okb": {
        "volume_std": 42182493.560146846,
        "volume_mean": 110031170.07378675,
        "last_hour_volume": 63171368.710501745,
        "upper_std": -1.1109
    },
    "stellar": {
        "volume_std": 71460392.26165728,
        "volume_mean": 213750874.03542337,
        "last_hour_volume": 183059444.9045032,
        "upper_std": -0.4295
    },
    "monero": {
        "volume_std": 88884149.06120257,
        "volume_mean": 140969983.18227088,
        "last_hour_volume": 54185833.41332734,
        "upper_std": -0.9764
    },
    "neo": {
        "volume_std": 246264584.2930761,
        "volume_mean": 434414884.10834825,
        "last_hour_volume": 121567752.36295769,
        "upper_std": -1.2704
    },
    "cosmos": {
        "volume_std": 174518705.92959386,
        "volume_mean": 335842361.86120003,
        "last_hour_volume": 229180876.37125516,
        "upper_std": -0.6112
    },
    "leo-token": {
        "volume_std": 3430383.194807193,
        "volume_mean": 12874811.018857151,
        "last_hour_volume": 15402935.153118234,
        "upper_std": 0.737
    },
    "huobi-token": {
        "volume_std": 46524231.74239727,
        "volume_mean": 154416415.6704875,
        "last_hour_volume": 74675532.22910067,
        "upper_std": -1.714
    },
    "nem": {
        "volume_std": 63293597.89788257,
        "volume_mean": 56881296.39162914,
        "last_hour_volume": 44002669.1019064,
        "upper_std": -0.2035
    },
    "yearn-finance": {
        "volume_std": 265237588.97738782,
        "volume_mean": 211791165.85695353,
        "last_hour_volume": 8731331.146072615,
        "upper_std": -0.7656
    },
    "vechain": {
        "volume_std": 46637936.54157026,
        "volume_mean": 171913116.49803498,
        "last_hour_volume": 147545051.85140488,
        "upper_std": -0.5225
    },
    "uma": {
        "volume_std": 23628234.244509522,
        "volume_mean": 17873834.109650794,
        "last_hour_volume": 1648227.1725689773,
        "upper_std": -0.6867
    },
    "iota": {
        "volume_std": 13505643.914266836,
        "volume_mean": 26683759.79069077,
        "last_hour_volume": 10193957.884451598,
        "upper_std": -1.221
    },
    "cdai": {
        "volume_std": 62131956.60304416,
        "volume_mean": 37251520.54933177,
        "last_hour_volume": 160757006.33147186,
        "upper_std": 1.9878
    },
    "ethlend": {
        "volume_std": 87128084.90135005,
        "volume_mean": 118782943.08059627,
        "last_hour_volume": 40276166.20391339,
        "upper_std": -0.9011
    },
    "dash": {
        "volume_std": 2424909655.6302,
        "volume_mean": 637645216.3766352,
        "last_hour_volume": 231213730.77687135,
        "upper_std": -0.1676
    },
    "wrapped-bitcoin": {
        "volume_std": 16654397.575551612,
        "volume_mean": 18999221.108631566,
        "last_hour_volume": 4137369.2719985303,
        "upper_std": -0.8924
    },
    "dai": {
        "volume_std": 92131616.56168401,
        "volume_mean": 151915967.95740122,
        "last_hour_volume": 191753870.99436474,
        "upper_std": 0.4324
    },
    "ethereum-classic": {
        "volume_std": 172998755.64027116,
        "volume_mean": 660314247.3601718,
        "last_hour_volume": 489598436.25781333,
        "upper_std": -0.9868
    },
    "zcash": {
        "volume_std": 2006840416.5214732,
        "volume_mean": 793969904.8983966,
        "last_hour_volume": 261184053.01771963,
        "upper_std": -0.2655
    },
    "havven": {
        "volume_std": 36751362.08393681,
        "volume_mean": 65728121.63224405,
        "last_hour_volume": 22545912.054501195,
        "upper_std": -1.175
    },
    "ontology": {
        "volume_std": 90936504.8682242,
        "volume_mean": 220662354.12460572,
        "last_hour_volume": 169080415.755826,
        "upper_std": -0.5672
    },
    "true-usd": {
        "volume_std": 20179524.25951893,
        "volume_mean": 101382201.34811294,
        "last_hour_volume": 72961527.79435755,
        "upper_std": -1.4084
    },
    "theta-token": {
        "volume_std": 29235925.71171017,
        "volume_mean": 48040196.9801553,
        "last_hour_volume": 13977218.01648334,
        "upper_std": -1.1651
    },
    "compound-governance-token": {
        "volume_std": 72151952.34483255,
        "volume_mean": 88608337.84976834,
        "last_hour_volume": 23672125.416808568,
        "upper_std": -0.9
    },
    "omisego": {
        "volume_std": 650585787.0904185,
        "volume_mean": 429611918.4028337,
        "last_hour_volume": 84502689.74652314,
        "upper_std": -0.5305
    },
    "maker": {
        "volume_std": 23629043.515663512,
        "volume_mean": 37486895.93719762,
        "last_hour_volume": 7029488.490303134,
        "upper_std": -1.289
    },
    "binance-usd": {
        "volume_std": 92130941.31055516,
        "volume_mean": 244339370.11931783,
        "last_hour_volume": 59223609.69485558,
        "upper_std": -2.0093
    },