{
    "bitcoin": {
        "volume_std": 8583295854.253423,
        "volume_mean": 25010486364.258224,
        "last_hour_volume": 16588338735.645044,
        "upper_std": -0.9812
    },
    "ethereum": {
        "volume_std": 5886791744.933661,
        "volume_mean": 12871275678.569971,
        "last_hour_volume": 4169952561.20953,
        "upper_std": -1.4781
    },
    "tether": {
        "volume_std": 8245932528.144841,
        "volume_mean": 33815701327.132866,
        "last_hour_volume": 17185113108.638714,
        "upper_std": -2.0168
    },
    "ripple": {
        "volume_std": 729412315.4282761,
        "volume_mean": 2100269176.283486,
        "last_hour_volume": 1153850721.469127,
        "upper_std": -1.2975
    },
    "polkadot": {
        "volume_std": 220586533.97042605,
        "volume_mean": 408141560.5089416,
        "last_hour_volume": 68163855.70152943,
        "upper_std": -1.5412
    },
    "bitcoin-cash": {
        "volume_std": 524277287.7717952,
        "volume_mean": 2591515996.9596605,
        "last_hour_volume": 1692497264.9289832,
        "upper_std": -1.7148
    },
    "chainlink": {
        "volume_std": 666219047.536421,
        "volume_mean": 1198108498.7332463,
        "last_hour_volume": 527677107.5349262,
        "upper_std": -1.0063
    },
    "binancecoin": {
        "volume_std": 213112929.6812212,
        "volume_mean": 368651731.3375002,
        "last_hour_volume": 201579679.88126206,
        "upper_std": -0.784
    },
    "crypto-com-chain": {
        "volume_std": 20210597.033594772,
        "volume_mean": 78579933.08825019,
        "last_hour_volume": 62054667.16334046,
        "upper_std": -0.8177
    },
    "litecoin": {
        "volume_std": 610509493.4909171,
        "volume_mean": 2256137280.393753,
        "last_hour_volume": 725926913.9720724,
        "upper_std": -2.5064
    },
    "bitcoin-cash-sv": {
        "volume_std": 262640037.4665937,
        "volume_mean": 884442000.3662376,
        "last_hour_volume": 433455121.21125674,
        "upper_std": -1.7171
    },
    "cardano": {
        "volume_std": 147699319.13000533,
        "volume_mean": 487289312.4476052,
        "last_hour_volume": 283496668.88032126,
        "upper_std": -1.3798
    },
    "eos": {
        "volume_std": 713506106.2621932,
        "volume_mean": 2510276481.0206804,
        "last_hour_volume": 1938780906.1936371,
        "upper_std": -0.801
    },
    "usd-coin": {
        "volume_std": 110530703.40455295,
        "volume_mean": 480402005.3423777,
        "last_hour_volume": 328182441.28094494,
        "upper_std": -1.3772
    },
    "tron": {
        "volume_std": 833640814.4082502,
        "volume_mean": 1076731155.3860703,
        "last_hour_volume": 353432761.3107732,
        "upper_std": -0.8676
    },
    "tezos": {
        "volume_std": 101091892.0481686,
        "volume_mean": 215550893.72389978,
        "last_hour_volume": 104379717.55464287,
        "upper_std": -1.0997
    },
    "neo": {
        "volume_std": 249836455.0290563,
        "volume_mean": 447002163.1644783,
        "last_hour_volume": 142618533.58046168,
        "upper_std": -1.2183
    },
    "okb": {
        "volume_std": 41904006.650418766,
        "volume_mean": 110461554.70643903,
        "last_hour_volume": 75311014.23993233,
        "upper_std": -0.8388
    },
    "monero": {
        "volume_std": 88184536.39615226,
        "volume_mean": 142825560.6978067,
        "last_hour_volume": 57851644.24380419,
        "upper_std": -0.9636
    },
    "stellar": {
        "volume_std": 72715813.58008166,
        "volume_mean": 212258125.37393114,
        "last_hour_volume": 206415532.06144464,
        "upper_std": -0.0803
    },
    "cosmos": {
        "volume_std": 173809380.9384527,
        "volume_mean": 338126244.45569456,
        "last_hour_volume": 169771713.78214002,
        "upper_std": -0.9686
    },
    "leo-token": {
        "volume_std": 3425645.475538051,
        "volume_mean": 12863413.296425177,
        "last_hour_volume": 14416539.75328118,
        "upper_std": 0.4534
    },
    "huobi-token": {
        "volume_std": 45616222.9203281,
        "volume_mean": 155405282.7477429,
        "last_hour_volume": 97886890.4947084,
        "upper_std": -1.2609
    },
    "yearn-finance": {
        "volume_std": 267539802.15153787,
        "volume_mean": 221108736.054168,
        "last_hour_volume": 9168957.58540236,
        "upper_std": -0.7922
    },
    "nem": {
        "volume_std": 63149623.41661583,
        "volume_mean": 57292224.124170795,
        "last_hour_volume": 17493564.420528065,
        "upper_std": -0.6302
    },
    "vechain": {
        "volume_std": 46865805.843617305,
        "volume_mean": 171429948.20103285,
        "last_hour_volume": 188111661.28999352,
        "upper_std": 0.3559
    },
    "cdai": {
        "volume_std": 61896908.12352265,
        "volume_mean": 36398196.22846726,
        "last_hour_volume": 81467533.91102365,
        "upper_std": 0.7281
    },
    "wrapped-bitcoin": {
        "volume_std": 25118840.961082216,
        "volume_mean": 21812021.34421524,
        "last_hour_volume": 1948241.8084094645,
        "upper_std": -0.7908
    },
    "iota": {
        "volume_std": 13631695.038284611,
        "volume_mean": 26580094.284473825,
        "last_hour_volume": 18718106.445466116,
        "upper_std": -0.5767
    },
    "ethlend": {
        "volume_std": 86847620.37573406,
        "volume_mean": 119927072.5090947,
        "last_hour_volume": 72078725.6549812,
        "upper_std": -0.5509
    },
    "dash": {
        "volume_std": 2424754029.6882367,
        "volume_mean": 638790891.4330016,
        "last_hour_volume": 296256457.2141558,
        "upper_std": -0.1413
    },
    "uma": {
        "volume_std": 23564694.077923674,
        "volume_mean": 18271728.388365403,
        "last_hour_volume": 3792220.948936846,
        "upper_std": -0.6145
    },
    "dai": {
        "volume_std": 92723073.6664294,
        "volume_mean": 153856821.64718285,
        "last_hour_volume": 131625728.39698912,
        "upper_std": -0.2398
    },
    "uniswap": {
        "volume_std": 1021666142.7587076,
        "volume_mean": 1620294362.2242906,
        "last_hour_volume": 9729908.19915273,
        "upper_std": -1.5764
    },
    "ethereum-classic": {
        "volume_std": 175149286.19470024,
        "volume_mean": 657856524.644959,
        "last_hour_volume": 586603524.5228817,
        "upper_std": -0.4068
    },
    "zcash": {
        "volume_std": 2006133555.9698622,
        "volume_mean": 797617123.9850483,
        "last_hour_volume": 317389880.22972476,
        "upper_std": -0.2394
    },
    "theta-token": {
        "volume_std": 28906803.926295236,
        "volume_mean": 48677696.87029345,
        "last_hour_volume": 12531907.391338322,
        "upper_std": -1.2504
    },
    "havven": {
        "volume_std": 36498691.77911125,
        "volume_mean": 66403034.677697554,
        "last_hour_volume": 45404441.10189563,
        "upper_std": -0.5753
    },
    "ontology": {
        "volume_std": 92613656.00580145,
        "volume_mean": 224136390.91957018,
        "last_hour_volume": 161887476.8123704,
        "upper_std": -0.6721
    },
    "compound-governance-token": {
        "volume_std": 71705008.64039712,
        "volume_mean": 89562600.5159102,
        "last_hour_volume": 39663245.015433915,
        "upper_std": -0.6959
    },
    "true-usd": {
        "volume_std": 20218096.195055954,
        "volume_mean": 101341212.2231057,
        "last_hour_volume": 68490810.21203342,
        "upper_std": -1.6248
    },
    "omisego": {
        "volume_std": 649460321.2197239,
        "volume_mean": 431490611.69062203,
        "last_hour_volume": 76563081.02559371,
        "upper_std": -0.5465
    },
    "maker": {
        "volume_std": 23834898.312613398,
        "volume_mean": 38665574.574320056,
        "last_hour_volume": 8184644.682054429,
        "upper_std": -1.2788
    },